Workbook

Sheet Base
A1: POD | B1: Puerto de descarga | C1: TT | D1: Carrier | E1: 20’ | F1: Gastos locales | G1: 40’ | H1: Gastos locales | I1: Validez
A2: Abu Dhabi - AEABD | C2: 65 | D2: MAERSK | E2: 750 | F2: $620,00 | G2: 950 | H2: $630,00 | I2: 45876
A3: Adelaide (AUADL) | C3: 66 | D3: MAERSK | E3: 1150 | F3: $620,00 | G3: 950 | H3: $630,00 | I3: 45876
A4: Agadir (MAAGA) | C4: 40 | D4: MAERSK | E4: 950 | F4: $620,00 | G4: 1000 | H4: $620,00 | I4: 45876
A5: Alexandria (EGALY) | C5: 50 | D5: MSC | E5: 3650 | F5: $620,00 | G5: 4800 | H5: $630,00 | I5: 45876
A6: Algeciras (ESALG) | C6: 30 | D6: CMA | E6: 1050 | F6: $620,00 | G6: 1250 | H6: $630,00 | I6: 45876
A7: Alger (DZALG) | C7: 57 | D7: HAPAG | E7: 1750 | F7: $620,00 | G7: 2050 | H7: $630,00 | I7: 45876
A8: Ambarli/Istambul - TRIST | C8: 54 | D8: HAPAG | E8: 1050 | F8: $620,00 | G8: 1450 | H8: $630,00 | I8: 45876
A9: Amsterdam (NLAMS) | B9: Rotterdam | C9: 31 | D9: MAERSK | E9: 1350 | F9: $620,00 | G9: 1450 | H9: $630,00 | I9: 45876
A10: Antwerp (BEANR) | C10: 47 | D10: HAPAG | E10: 1100 | F10: $620,00 | G10: 1150 | H10: $630,00 | I10: 45876
A11: Antwerp (BEANR) | C11: 36 | D11: MAERSK | E11: 1100 | F11: $620,00 | G11: 950 | H11: $630,00 | I11: 45876
A12: Apapa (NGAPP) | C12: 47 | D12: MSC | E12: 3350 | F12: $620,00 | G12: 4300 | H12: $630,00 | I12: 45876
A13: Aqaba - JOAQJ | C13: 62 | D13: MSC | E13: 3850 | F13: $620,00 | G13: 5850 | H13: $630,00 | I13: 45876
A14: Arica (CLARI) | C14: 40 | D14: MAERSK | E14: 3050 | F14: $620,00 | G14: 3350 | H14: $630,00 | I14: 45876
A15: Ashdod - ILASH | C15: 50 | D15: MAERSK | E15: 700 | F15: $620,00 | G15: 750 | H15: $630,00 | I15: 45876
A16: Atlanta (USATL) | B16: Charleston | C16: 42 | D16: CMA | E16: 4950 | F16: $620,00 | G16: 5100 | H16: $630,00 | I16: 45876
A17: Baltimore (USBAL) | C17: 37 | D17: CMA | E17: 4000 | F17: $620,00 | G17: 4400 | H17: $630,00 | I17: 45876
A18: Bangkok - THBKK | B18: Laem Chabang | C18: 47 | D18: MAERSK | E18: 1000 | F18: $620,00 | G18: 950 | H18: $630,00 | I18: 45876
A19: Barcelona (ESBCN) | C19: 32 | D19: MAERSK | E19: 1200 | F19: $620,00 | G19: 800 | H19: $630,00 | I19: 45876
A20: Baton Rouge (USBTR) | B20: New orleans | C20: 43 | D20: HAPAG | E20: 4300 | F20: $620,00 | G20: 4300 | H20: $630,00 | I20: 45876
A21: Beirut - LBBEY | C21: 53 | D21: HAPAG | E21: 2000 | F21: $620,00 | G21: 2300 | H21: $630,00 | I21: 45876
A22: Belfast | C22: 44 | D22: CMA | E22: 2250 | F22: 620 | G22: 2450 | H22: 630 | I22: 1/
A23: Bogota (COBOG) | C23: 30 | D23: MAERSK | E23: 4050 | F23: $620,00 | G23: 4350 | H23: $630,00 | I23: 45876
A24: Boston (USBOS) | C24: 60 | D24: MSC | E24: 4000 | F24: $620,00 | G24: 4850 | H24: $630,00 | I24: 45876
A25: Bremerhaven (DEBRV) | C25: 33 | D25: MAERSK | E25: 1100 | F25: $620,00 | G25: 950 | H25: $630,00 | I25: 45876
A26: Brisbane (AUBNE) | C26: 52 | D26: MAERSK | E26: 1400 | F26: $620,00 | G26: 1800 | H26: $630,00 | I26: 45876
A27: Bruselas (BEBRU) | B27: Antwerp | C27: 37 | D27: CMA | E27: 1800 | F27: $620,00 | G27: 2050 | H27: $630,00 | I27: 45876
A28: Budapest (HUBUD) | B28: Hamburgo | C28: 48 | D28: HAPAG | E28: 1850 | F28: $620,00 | G28: 3050 | H28: $630,00 | I28: 45876
A29: Budapest (HUBUD) | B29: Hamburgo | C29: 30 | D29: CMA | E29: NO | F29: $620,00 | G29: 2600 | H29: $630,00 | I29: 45876
A30: Busan, KR - KRPUS | C30: 48 | D30: MAERSK | E30: 950 | F30: $620,00 | G30: 900 | H30: $630,00 | I30: 45876
A31: Calgary (CACAL) | B31: Vancouver | C31: 72 | D31: CMA | E31: 5200 | F31: $620,00 | G31: 6700 | H31: $630,00 | I31: 45876
A32: Calgary (CACAL) | B32: Vancouver | C32: 62 | D32: MSC | E32: 5650 | F32: $620,00 | G32: 6100 | H32: $630,00 | I32: 45876
A33: Callao (PECLL) | C33: 24 | D33: HAPAG | E33: 2650 | F33: $620,00 | G33: 3050 | H33: $630,00 | I33: 45876
A34: Caracas (VECCS) | B34: La Guaira | C34: 35 | D34: MAERSK | E34: 3650 | F34: $620,00 | G34: 4200 | H34: $630,00 | I34: 45876
A35: Cartagena Port (COCTG) | C35: 25 | D35: MAERSK | E35: 2400 | F35: $620,00 | G35: 2700 | H35: $630,00 | I35: 45876
A36: Casablanca (MACAS) | C36: 55 | D36: HAPAG | E36: 1200 | F36: $620,00 | G36: 1650 | H36: $630,00 | I36: 45876
A37: Caucedo (DOCAU) | C37: 33 | D37: MAERSK | E37: 2550 | F37: $620,00 | G37: 2850 | H37: $630,00 | I37: 45876
A38: Charleston (USCHS) | C38: 42 | D38: CMA | E38: 4000 | F38: $620,00 | G38: 4150 | H38: $630,00 | I38: 45876
A39: Charlotte (USCLT) | B39: Charleston | C39: 42 | D39: CMA | E39: 5000 | F39: $620,00 | G39: 5050 | H39: $630,00 | I39: 45876
A40: Chicago (USCHI) | B40: New York | C40: 31 | D40: HAPAG | E40: 5050 | F40: $620,00 | G40: 5600 | H40: $630,00 | I40: 45876
A41: cincinnati (USCVG) | B41: Norfolk | C41: 47 | D41: HAPAG | E41: 5700 | F41: $620,00 | G41: 5750 | H41: $630,00 | I41: 45876
A42: Cleveland (USCLE) | B42: New York | C42: 40 | D42: CMA | E42: 5250 | F42: $620,00 | G42: 5750 | H42: $630,00 | I42: 45876
A43: Copenhagen (DKCPH) | C43: 35 | D43: CMA | E43: NO | F43: $620,00 | G43: 2200 | H43: $630,00 | I43: 45876
A44: Copenhagen (DKCPH) | C44: 51 | D44: HAPAG | E44: 1500 | F44: $620,00 | G44: 2550 | H44: $630,00 | I44: 45876
A45: Dakar | C45: 30 | D45: CMA | E45: 2150 | F45: $620,00 | G45: 3100 | H45: $630,00 | I45: 45876
A46: Dallas (USDAL) | B46: Houston | C46: 44 | D46: HAPAG | E46: 4250 | F46: $620,00 | G46: 4500 | H46: $630,00 | I46: 45876
A47: Dar Es Salamm (TZDAR) | C47: 62 | D47: MAERSK | E47: 3950 | F47: $620,00 | G47: 4600 | H47: $620,00 | I47: 45876
A48: Denver (USDEN) | B48: Houston | C48: 47 | D48: HAPAG | E48: 5650 | F48: $620,00 | G48: 6000 | H48: $630,00 | I48: 45876
A49: Detroit (USDET) | B49: Norfolk | C49: 49 | D49: HAPAG | E49: 6600 | F49: $620,00 | G49: 6750 | H49: $630,00 | I49: 45876
A50: Doha - QADOH | C50: 56 | D50: MAERSK | E50: 1700 | F50: $620,00 | G50: 1350 | H50: $630,00 | I50: 45876
A51: Dubai - AEDXB | B51: Jebel Ali | C51: 55 | D51: MAERSK | E51: 1900 | F51: $620,00 | G51: 1400 | H51: $630,00 | I51: 45876
A52: Dublin (IEDUB) | C52: 30 | D52: MAERSK | E52: 1200 | F52: $620,00 | G52: 1500 | H52: $630,00 | I52: 45876
A53: Durban (ZADUR) | C53: 26 | D53: MAERSK | E53: 1600 | F53: $620,00 | G53: 1500 | H53: $630,00 | I53: 45876
A54: Edmonton | B54: Vancouver | C54: 64 | D54: MSC | E54: 5800 | F54: $620,00 | G54: 6600 | H54: $630,00 | I54: 45876
A55: Estocolmo(SESTO) | C55: 35 | D55: CMA | E55: 2500 | F55: $620,00 | G55: 2600 | H55: $630,00 | I55: 45876
A56: Felixstowe (GBFXT) | C56: 71 | D56: HAPAG | E56: 2150 | F56: $620,00 | G56: 3000 | H56: $630,00 | I56: 45876
A57: Felixstowe (GBFXT) | C57: 45 | D57: MSC | E57: 2800 | F57: $620,00 | G57: 3700 | H57: $630,00 | I57: 45876
A58: Fos Sur Mer (FRFOS) | C58: 51 | D58: HAPAG | E58: 1450 | F58: $620,00 | G58: 1850 | H58: $630,00 | I58: 45876
A59: Fremantle (AUFRE) | C59: 44 | D59: MAERSK | E59: 1450 | F59: $620,00 | G59: 1700 | H59: $630,00 | I59: 45876
A60: Gdansk (PLGDN) | C60: 43 | D60: MAERSK | E60: 850 | F60: $620,00 | G60: 1150 | H60: $630,00 | I60: 45876
A61: Gdynia (PLGDY) | B61: Gdansk | C61: 46 | D61: MAERSK | E61: 1150 | F61: $620,00 | G61: 1500 | H61: $630,00 | I61: 45876
A62: Geneve (CHGVA) | B62: Antwerp | C62: 44 | D62: HAPAG | E62: 3450 | F62: $620,00 | G62: 3850 | H62: $630,00 | I62: 45876
A63: Genoa (ITGOA) | C63: 42 | D63: HAPAG | E63: 950 | F63: $620,00 | G63: 1350 | H63: $630,00 | I63: 45876
A64: Genoa (ITGOA) | C64: 32 | D64: MAERSK | E64: 1050 | F64: $620,00 | G64: 1350 | H64: $630,00 | I64: 45876
A65: Georgetown | C65: 38 | D65: CMA | E65: 3600 | F65: 620 | G65: 4650 | H65: 630
A66: Grangemouth (GBGRG) | B66: Rotterdam | C66: 37 | D66: MAERSK | E66: 1200 | F66: $620,00 | G66: 1450 | H66: $630,00 | I66: 45876
A67: Guayaquil (ECQYE) | C67: 26 | D67: HAPAG | E67: 2750 | F67: $620,00 | G67: 3050 | H67: $630,00 | I67: 45876
A68: Haifa - ILHFA | C68: 49 | D68: MAERSK | E68: 700 | F68: $620,00 | G68: 1050 | H68: $630,00 | I68: 45876
A69: Hamburg (DEHAM) | C69: 45 | D69: HAPAG | E69: 1150 | F69: $620,00 | G69: 1200 | H69: $630,00 | I69: 45876
A70: Hammad Port - QAHMD | C70: 53 | D70: MSC | E70: 3900 | F70: $620,00 | G70: 5900 | H70: $630,00 | I70: 45876
A71: Hong Kong - HKHKG | C71: 42 | D71: CMA | E71: 700 | F71: $620,00 | G71: 700 | H71: $630,00 | I71: 45876
A72: Houston (USHOU) | C72: 33 | D72: CMA | E72: 3500 | F72: $620,00 | G72: 3700 | H72: $630,00 | I72: 45876
A73: Hyderabad - INHYD | B73: Jawaharlal Nehru | C73: 79 | D73: MAERSK | E73: 1850 | F73: $620,00 | G73: 2550 | H73: $630,00 | I73: 45876
A74: Imbituba (BRIBB) | C74: 8 | D74: Mercosul | E74: 500 | F74: $620,00 | G74: 600 | H74: $630,00 | I74: 45876
A75: Inchon (Incheon) - KRINC | C75: 47 | D75: MAERSK | E75: 1200 | F75: $620,00 | G75: 1350 | H75: $630,00 | I75: 45876
A76: Itajai (BRITJ) | C76: 8 | D76: Mercosul | E76: 450 | F76: $620,00 | G76: 600 | H76: $630,00 | I76: 45876
A77: Itapoa (BRIOA) | C77: 15 | D77: Mercosul | E77: 600 | F77: $620,00 | G77: 750 | H77: $630,00 | I77: 45876
A78: Jacksonville (USJAX) | C78: 30 | D78: HAPAG | E78: 4600 | F78: $620,00 | G78: 4600 | H78: $630,00 | I78: 45876
A79: Jakarta - IDJKT | C79: 44 | D79: MAERSK | E79: 950 | F79: $620,00 | G79: 950 | H79: $630,00 | I79: 45876
A80: Jebel Ali - AEJEA | C80: 71 | D80: HAPAG | E80: 1400 | F80: $620,00 | G80: 950 | H80: $630,00 | I80: 45876
A81: Jebel Ali - AEJEA | C81: 47 | D81: MAERSK | E81: 1700 | F81: $620,00 | G81: 950 | H81: $630,00 | I81: 45876
A82: Jeddah - SAJED | C82: 42 | D82: MAERSK | E82: 1700 | F82: $620,00 | G82: 1350 | H82: $630,00 | I82: 45876
A83: Johannesburg (ZAJBN) | B83: Durban | C83: 32 | D83: MAERSK | E83: 1900 | F83: $620,00 | G83: 2250 | H83: $630,00 | I83: 45876
A84: Kansas City (USKCK) | B84: Norfolk | C84: 47 | D84: HAPAG | E84: 5950 | F84: $620,00 | G84: 5950 | H84: $630,00 | I84: 45876
A85: Karachi - PKKHI | C85: 47 | D85: CMA | E85: 1700 | F85: $620,00 | G85: 2250 | H85: $630,00 | I85: 45876
A86: Keelung - TWKEL | C86: 46 | D86: MAERSK | E86: 1000 | F86: $620,00 | G86: 950 | H86: $630,00 | I86: 45876
A87: Klang - MYPKG | C87: 47 | D87: MAERSK | E87: 900 | F87: $620,00 | G87: 950 | H87: $630,00 | I87: 45876
A88: Koper (SIKOP) | C88: 37 | D88: MAERSK | E88: 1350 | F88: $620,00 | G88: 1450 | H88: $630,00 | I88: 45876
A89: La Guaira (VELAG) | C89: 34 | D89: MAERSK | E89: 3650 | F89: $620,00 | G89: 4200 | H89: $630,00 | I89: 45876
A90: Le Havre (FRLEH) | C90: 38 | D90: CMA | E90: 1600 | F90: $620,00 | G90: 1900 | H90: $630,00 | I90: 45876
A91: Lima (PELIM) | B91: Callao | C91: 32 | D91: MAERSK | E91: 3450 | F91: $620,00 | G91: 3750 | H91: $630,00 | I91: 45876
A92: Lisboa (PTLIS) | C92: 34 | D92: MAERSK | E92: 900 | F92: $620,00 | G92: 1150 | H92: $630,00 | I92: 45876
A93: Liverpool (GBLIV) | C93: 29 | D93: HAPAG | E93: 1350 | F93: $620,00 | G93: 1350 | H93: $630,00 | I93: 45876
A94: Livorno (ITLIV) | C94: 35 | D94: HAPAG | E94: 800 | F94: $620,00 | G94: 1200 | H94: $630,00 | I94: 45876
A95: London Gateway (GBLGP) | C95: 21 | D95: CMA | E95: 1350 | F95: $620,00 | G95: 1600 | H95: $630,00 | I95: 45876
A96: Long Beach (USLGB) | C96: 64 | D96: CMA | E96: 4700 | F96: $620,00 | G96: 6100 | H96: $630,00 | I96: 45876
A97: Los Angeles (USLAX) | C97: 43 | D97: HAPAG | E97: 3600 | F97: $620,00 | G97: 3600 | H97: $630,00 | I97: 45876
A98: Louisiana (USLUA) | B98: Norfolk | C98: 49 | D98: CMA | E98: 6200 | F98: $620,00 | G98: 6350 | H98: $630,00 | I98: 45876
A99: Louisville | B99: Norfolk | C99: 51 | D99: MSC | E99: 5100 | F99: 620 | G99: 5500 | H99: 630 | I99: 45901
A100: Luanda (AOLAD) | C100: 55 | D100: MSC | E100: 3550 | F100: $620,00 | G100: 4300 | H100: $630,00 | I100: 45876
...

Sheet Precios fletes
B1: Puerto de descarga | C1: TT | D1: Carrier | E1: 20’ | F1: 40’ | G1: Validez
A2: =Base!A2 -> Abu Dhabi - AEABD | B2: NA | C2: =Base!C2 -> 65 | D2: =Base!D2 -> MAERSK | E2: =SUM(Base!E2+1200) -> 1950 | F2: =SUM(Base!G2+1400) -> 2350 | G2: =Base!I2 -> 45876
A3: =Base!A3 -> Adelaide (AUADL) | B3: NA | C3: =Base!C3 -> 66 | D3: =Base!D3 -> MAERSK | E3: =SUM(Base!E3+1200) -> 2350 | F3: =SUM(Base!G3+1400) -> 2350 | G3: =Base!I3 -> 45876
A4: =Base!A4 -> Agadir (MAAGA) | B4: NA | C4: =Base!C4 -> 40 | D4: =Base!D4 -> MAERSK | E4: =SUM(Base!E4+1200) -> 2150 | F4: =SUM(Base!G4+1400) -> 2400 | G4: =Base!I4 -> 45876
A5: =Base!A5 -> Alexandria (EGALY) | B5: NA | C5: =Base!C5 -> 50 | D5: =Base!D5 -> MSC | E5: =SUM(Base!E5+1200) -> 4850 | F5: =SUM(Base!G5+1400) -> 6200 | G5: =Base!I5 -> 45876
A6: =Base!A6 -> Algeciras (ESALG) | B6: NA | C6: =Base!C6 -> 30 | D6: =Base!D6 -> CMA | E6: =SUM(Base!E6+1200) -> 2250 | F6: =SUM(Base!G6+1400) -> 2650 | G6: =Base!I6 -> 45876
A7: =Base!A7 -> Alger (DZALG) | B7: NA | C7: =Base!C7 -> 57 | D7: =Base!D7 -> HAPAG | E7: =SUM(Base!E7+1200) -> 2950 | F7: =SUM(Base!G7+1400) -> 3450 | G7: =Base!I7 -> 45876
A8: =Base!A8 -> Ambarli/Istambul - TRIST | B8: NA | C8: =Base!C8 -> 54 | D8: =Base!D8 -> HAPAG | E8: =SUM(Base!E8+1200) -> 2250 | F8: =SUM(Base!G8+1400) -> 2850 | G8: =Base!I8 -> 45876
A9: =Base!A9 -> Amsterdam (NLAMS) | B9: =Base!B9 -> Rotterdam | C9: =Base!C9 -> 31 | D9: =Base!D9 -> MAERSK | E9: =SUM(Base!E9+1200) -> 2550 | F9: =SUM(Base!G9+1400) -> 2850 | G9: =Base!I9 -> 45876
A10: =Base!A10 -> Antwerp (BEANR) | B10: NA | C10: =Base!C10 -> 47 | D10: =Base!D10 -> HAPAG | E10: =SUM(Base!E10+1200) -> 2300 | F10: =SUM(Base!G10+1400) -> 2550 | G10: =Base!I10 -> 45876
A11: =Base!A11 -> Antwerp (BEANR) | B11: NA | C11: =Base!C11 -> 36 | D11: =Base!D11 -> MAERSK | E11: =SUM(Base!E11+1200) -> 2300 | F11: =SUM(Base!G11+1400) -> 2350 | G11: =Base!I11 -> 45876
A12: =Base!A12 -> Apapa (NGAPP) | B12: NA | C12: =Base!C12 -> 47 | D12: =Base!D12 -> MSC | E12: =SUM(Base!E12+1200) -> 4550 | F12: =SUM(Base!G12+1400) -> 5700 | G12: =Base!I12 -> 45876
A13: =Base!A13 -> Aqaba - JOAQJ | B13: NA | C13: =Base!C13 -> 62 | D13: =Base!D13 -> MSC | E13: =SUM(Base!E13+1200) -> 5050 | F13: =SUM(Base!G13+1400) -> 7250 | G13: =Base!I13 -> 45876
A14: =Base!A14 -> Arica (CLARI) | B14: NA | C14: =Base!C14 -> 40 | D14: =Base!D14 -> MAERSK | E14: =SUM(Base!E14+1200) -> 4250 | F14: =SUM(Base!G14+1400) -> 4750 | G14: =Base!I14 -> 45876
A15: =Base!A15 -> Ashdod - ILASH | B15: NA | C15: =Base!C15 -> 50 | D15: =Base!D15 -> MAERSK | E15: =SUM(Base!E15+1200) -> 1900 | F15: =SUM(Base!G15+1400) -> 2150 | G15: =Base!I15 -> 45876
A16: =Base!A16 -> Atlanta (USATL) | B16: =Base!B16 -> Charleston | C16: =Base!C16 -> 42 | D16: =Base!D16 -> CMA | E16: =SUM(Base!E16+1200) -> 6150 | F16: =SUM(Base!G16+1400) -> 6500 | G16: =Base!I16 -> 45876
A17: =Base!A17 -> Baltimore (USBAL) | B17: NA | C17: =Base!C17 -> 37 | D17: =Base!D17 -> CMA | E17: =SUM(Base!E17+1200) -> 5200 | F17: =SUM(Base!G17+1400) -> 5800 | G17: =Base!I17 -> 45876
A18: =Base!A18 -> Bangkok - THBKK | B18: =Base!B18 -> Laem Chabang | C18: =Base!C18 -> 47 | D18: =Base!D18 -> MAERSK | E18: =SUM(Base!E18+1200) -> 2200 | F18: =SUM(Base!G18+1400) -> 2350 | G18: =Base!I18 -> 45876
A19: =Base!A19 -> Barcelona (ESBCN) | B19: NA | C19: =Base!C19 -> 32 | D19: =Base!D19 -> MAERSK | E19: =SUM(Base!E19+1200) -> 2400 | F19: =SUM(Base!G19+1400) -> 2200 | G19: =Base!I19 -> 45876
A20: =Base!A20 -> Baton Rouge (USBTR) | B20: =Base!B20 -> New orleans | C20: =Base!C20 -> 43 | D20: =Base!D20 -> HAPAG | E20: =SUM(Base!E20+1200) -> 5500 | F20: =SUM(Base!G20+1400) -> 5700 | G20: =Base!I20 -> 45876
A21: =Base!A21 -> Beirut - LBBEY | B21: NA | C21: =Base!C21 -> 53 | D21: =Base!D21 -> HAPAG | E21: =SUM(Base!E21+1200) -> 3200 | F21: =SUM(Base!G21+1400) -> 3700 | G21: =Base!I21 -> 45876
A22: =Base!A22 -> Belfast | B22: NA | C22: =Base!C22 -> 44 | D22: =Base!D22 -> CMA | E22: =SUM(Base!E22+1200) -> 3450 | F22: =SUM(Base!G22+1400) -> 3850 | G22: =Base!I22 -> 1/
A23: =Base!A23 -> Bogota (COBOG) | B23: NA | C23: =Base!C23 -> 30 | D23: =Base!D23 -> MAERSK | E23: =SUM(Base!E23+1200) -> 5250 | F23: =SUM(Base!G23+1400) -> 5750 | G23: =Base!I23 -> 45876
A24: =Base!A24 -> Boston (USBOS) | B24: NA | C24: =Base!C24 -> 60 | D24: =Base!D24 -> MSC | E24: =SUM(Base!E24+1200) -> 5200 | F24: =SUM(Base!G24+1400) -> 6250 | G24: =Base!I24 -> 45876
A25: =Base!A25 -> Bremerhaven (DEBRV) | B25: NA | C25: =Base!C25 -> 33 | D25: =Base!D25 -> MAERSK | E25: =SUM(Base!E25+1200) -> 2300 | F25: =SUM(Base!G25+1400) -> 2350 | G25: =Base!I25 -> 45876
A26: =Base!A26 -> Brisbane (AUBNE) | B26: NA | C26: =Base!C26 -> 52 | D26: =Base!D26 -> MAERSK | E26: =SUM(Base!E26+1200) -> 2600 | F26: =SUM(Base!G26+1400) -> 3200 | G26: =Base!I26 -> 45876
A27: =Base!A27 -> Bruselas (BEBRU) | B27: =Base!B27 -> Antwerp | C27: =Base!C27 -> 37 | D27: =Base!D27 -> CMA | E27: =SUM(Base!E27+1200) -> 3000 | F27: =SUM(Base!G27+1400) -> 3450 | G27: =Base!I27 -> 45876
A28: =Base!A28 -> Budapest (HUBUD) | B28: =Base!B28 -> Hamburgo | C28: =Base!C28 -> 48 | D28: =Base!D28 -> HAPAG | E28: =SUM(Base!E28+1200) -> 3050 | F28: =SUM(Base!G28+1400) -> 4450 | G28: =Base!I28 -> 45876
A29: =Base!A29 -> Budapest (HUBUD) | B29: =Base!B29 -> Hamburgo | C29: =Base!C29 -> 30 | D29: =Base!D29 -> CMA | F29: =SUM(Base!G29+1400) -> 4000 | G29: =Base!I29 -> 45876
A30: =Base!A30 -> Busan, KR - KRPUS | B30: NA | C30: =Base!C30 -> 48 | D30: =Base!D30 -> MAERSK | E30: =SUM(Base!E30+1200) -> 2150 | F30: =SUM(Base!G30+1400) -> 2300 | G30: =Base!I30 -> 45876
A31: =Base!A31 -> Calgary (CACAL) | B31: =Base!B31 -> Vancouver | C31: =Base!C31 -> 72 | D31: =Base!D31 -> CMA | E31: =SUM(Base!E31+1200) -> 6400 | F31: =SUM(Base!G31+1400) -> 8100 | G31: =Base!I31 -> 45876
A32: =Base!A32 -> Calgary (CACAL) | B32: =Base!B32 -> Vancouver | C32: =Base!C32 -> 62 | D32: =Base!D32 -> MSC | E32: =SUM(Base!E32+1200) -> 6850 | F32: =SUM(Base!G32+1400) -> 7500 | G32: =Base!I32 -> 45876
A33: =Base!A33 -> Callao (PECLL) | B33: NA | C33: =Base!C33 -> 24 | D33: =Base!D33 -> HAPAG | E33: =SUM(Base!E33+1200) -> 3850 | F33: =SUM(Base!G33+1400) -> 4450 | G33: =Base!I33 -> 45876
A34: =Base!A34 -> Caracas (VECCS) | B34: =Base!B34 -> La Guaira | C34: =Base!C34 -> 35 | D34: =Base!D34 -> MAERSK | E34: =SUM(Base!E34+1200) -> 4850 | F34: =SUM(Base!G34+1400) -> 5600 | G34: =Base!I34 -> 45876
A35: =Base!A35 -> Cartagena Port (COCTG) | B35: NA | C35: =Base!C35 -> 25 | D35: =Base!D35 -> MAERSK | E35: =SUM(Base!E35+1200) -> 3600 | F35: =SUM(Base!G35+1400) -> 4100 | G35: =Base!I35 -> 45876
A36: =Base!A36 -> Casablanca (MACAS) | B36: NA | C36: =Base!C36 -> 55 | D36: =Base!D36 -> HAPAG | E36: =SUM(Base!E36+1200) -> 2400 | F36: =SUM(Base!G36+1400) -> 3050 | G36: =Base!I36 -> 45876
A37: =Base!A37 -> Caucedo (DOCAU) | B37: NA | C37: =Base!C37 -> 33 | D37: =Base!D37 -> MAERSK | E37: =SUM(Base!E37+1200) -> 3750 | F37: =SUM(Base!G37+1400) -> 4250 | G37: =Base!I37 -> 45876
A38: =Base!A38 -> Charleston (USCHS) | B38: NA | C38: =Base!C38 -> 42 | D38: =Base!D38 -> CMA | E38: =SUM(Base!E38+1200) -> 5200 | F38: =SUM(Base!G38+1400) -> 5550 | G38: =Base!I38 -> 45876
A39: =Base!A39 -> Charlotte (USCLT) | B39: =Base!B39 -> Charleston | C39: =Base!C39 -> 42 | D39: =Base!D39 -> CMA | E39: =SUM(Base!E39+1200) -> 6200 | F39: =SUM(Base!G39+1400) -> 6450 | G39: =Base!I39 -> 45876
A40: =Base!A40 -> Chicago (USCHI) | B40: =Base!B40 -> New York | C40: =Base!C40 -> 31 | D40: =Base!D40 -> HAPAG | E40: =SUM(Base!E40+1200) -> 6250 | F40: =SUM(Base!G40+1400) -> 7000 | G40: =Base!I40 -> 45876
A41: =Base!A41 -> cincinnati (USCVG) | B41: =Base!B41 -> Norfolk | C41: =Base!C41 -> 47 | D41: =Base!D41 -> HAPAG | E41: =SUM(Base!E41+1200) -> 6900 | F41: =SUM(Base!G41+1400) -> 7150 | G41: =Base!I41 -> 45876
A42: =Base!A42 -> Cleveland (USCLE) | B42: =Base!B42 -> New York | C42: =Base!C42 -> 40 | D42: =Base!D42 -> CMA | E42: =SUM(Base!E42+1200) -> 6450 | F42: =SUM(Base!G42+1400) -> 7150 | G42: =Base!I42 -> 45876
A43: =Base!A43 -> Copenhagen (DKCPH) | B43: NA | C43: =Base!C43 -> 35 | D43: =Base!D43 -> CMA | F43: =SUM(Base!G43+1400) -> 3600 | G43: =Base!I43 -> 45876
A44: =Base!A44 -> Copenhagen (DKCPH) | B44: NA | C44: =Base!C44 -> 51 | D44: =Base!D44 -> HAPAG | E44: =SUM(Base!E44+1200) -> 2700 | F44: =SUM(Base!G44+1400) -> 3950 | G44: =Base!I44 -> 45876
A45: =Base!A45 -> Dakar | B45: NA | C45: =Base!C45 -> 30 | D45: =Base!D45 -> CMA | E45: =SUM(Base!E45+1200) -> 3350 | F45: =SUM(Base!G45+1400) -> 4500 | G45: =Base!I45 -> 45876
A46: =Base!A46 -> Dallas (USDAL) | B46: =Base!B46 -> Houston | C46: =Base!C46 -> 44 | D46: =Base!D46 -> HAPAG | E46: =SUM(Base!E46+1200) -> 5450 | F46: =SUM(Base!G46+1400) -> 5900 | G46: =Base!I46 -> 45876
A47: =Base!A47 -> Dar Es Salamm (TZDAR) | B47: NA | C47: =Base!C47 -> 62 | D47: =Base!D47 -> MAERSK | E47: =SUM(Base!E47+1200) -> 5150 | F47: =SUM(Base!G47+1400) -> 6000 | G47: =Base!I47 -> 45876
A48: =Base!A48 -> Denver (USDEN) | B48: =Base!B48 -> Houston | C48: =Base!C48 -> 47 | D48: =Base!D48 -> HAPAG | E48: =SUM(Base!E48+1200) -> 6850 | F48: =SUM(Base!G48+1400) -> 7400 | G48: =Base!I48 -> 45876
A49: =Base!A49 -> Detroit (USDET) | B49: =Base!B49 -> Norfolk | C49: =Base!C49 -> 49 | D49: =Base!D49 -> HAPAG | E49: =SUM(Base!E49+1200) -> 7800 | F49: =SUM(Base!G49+1400) -> 8150 | G49: =Base!I49 -> 45876
A50: =Base!A50 -> Doha - QADOH | B50: NA | C50: =Base!C50 -> 56 | D50: =Base!D50 -> MAERSK | E50: =SUM(Base!E50+1200) -> 2900 | F50: =SUM(Base!G50+1400) -> 2750 | G50: =Base!I50 -> 45876
A51: =Base!A51 -> Dubai - AEDXB | B51: =Base!B51 -> Jebel Ali | C51: =Base!C51 -> 55 | D51: =Base!D51 -> MAERSK | E51: =SUM(Base!E51+1200) -> 3100 | F51: =SUM(Base!G51+1400) -> 2800 | G51: =Base!I51 -> 45876
A52: =Base!A52 -> Dublin (IEDUB) | B52: NA | C52: =Base!C52 -> 30 | D52: =Base!D52 -> MAERSK | E52: =SUM(Base!E52+1200) -> 2400 | F52: =SUM(Base!G52+1400) -> 2900 | G52: =Base!I52 -> 45876
A53: =Base!A53 -> Durban (ZADUR) | B53: NA | C53: =Base!C53 -> 26 | D53: =Base!D53 -> MAERSK | E53: =SUM(Base!E53+1200) -> 2800 | F53: =SUM(Base!G53+1400) -> 2900 | G53: =Base!I53 -> 45876
A54: =Base!A54 -> Edmonton | B54: =Base!B54 -> Vancouver | C54: =Base!C54 -> 64 | D54: =Base!D54 -> MSC | E54: =SUM(Base!E54+1200) -> 7000 | F54: =SUM(Base!G54+1400) -> 8000 | G54: =Base!I54 -> 45876
A55: =Base!A55 -> Estocolmo(SESTO) | B55: NA | C55: =Base!C55 -> 35 | D55: =Base!D55 -> CMA | E55: =SUM(Base!E55+1200) -> 3700 | F55: =SUM(Base!G55+1400) -> 4000 | G55: =Base!I55 -> 45876
A56: =Base!A56 -> Felixstowe (GBFXT) | B56: NA | C56: =Base!C56 -> 71 | D56: =Base!D56 -> HAPAG | E56: =SUM(Base!E56+1200) -> 3350 | F56: =SUM(Base!G56+1400) -> 4400 | G56: =Base!I56 -> 45876
A57: =Base!A57 -> Felixstowe (GBFXT) | B57: NA | C57: =Base!C57 -> 45 | D57: =Base!D57 -> MSC | E57: =SUM(Base!E57+1200) -> 4000 | F57: =SUM(Base!G57+1400) -> 5100 | G57: =Base!I57 -> 45876
A58: =Base!A58 -> Fos Sur Mer (FRFOS) | B58: NA | C58: =Base!C58 -> 51 | D58: =Base!D58 -> HAPAG | E58: =SUM(Base!E58+1200) -> 2650 | F58: =SUM(Base!G58+1400) -> 3250 | G58: =Base!I58 -> 45876
A59: =Base!A59 -> Fremantle (AUFRE) | B59: NA | C59: =Base!C59 -> 44 | D59: =Base!D59 -> MAERSK | E59: =SUM(Base!E59+1200) -> 2650 | F59: =SUM(Base!G59+1400) -> 3100 | G59: =Base!I59 -> 45876
A60: =Base!A60 -> Gdansk (PLGDN) | B60: NA | C60: =Base!C60 -> 43 | D60: =Base!D60 -> MAERSK | E60: =SUM(Base!E60+1200) -> 2050 | F60: =SUM(Base!G60+1400) -> 2550 | G60: =Base!I60 -> 45876
A61: =Base!A61 -> Gdynia (PLGDY) | B61: =Base!B61 -> Gdansk | C61: =Base!C61 -> 46 | D61: =Base!D61 -> MAERSK | E61: =SUM(Base!E61+1200) -> 2350 | F61: =SUM(Base!G61+1400) -> 2900 | G61: =Base!I61 -> 45876
A62: =Base!A62 -> Geneve (CHGVA) | B62: =Base!B62 -> Antwerp | C62: =Base!C62 -> 44 | D62: =Base!D62 -> HAPAG | E62: =SUM(Base!E62+1200) -> 4650 | F62: =SUM(Base!G62+1400) -> 5250 | G62: =Base!I62 -> 45876
A63: =Base!A63 -> Genoa (ITGOA) | B63: NA | C63: =Base!C63 -> 42 | D63: =Base!D63 -> HAPAG | E63: =SUM(Base!E63+1200) -> 2150 | F63: =SUM(Base!G63+1400) -> 2750 | G63: =Base!I63 -> 45876
A64: =Base!A64 -> Genoa (ITGOA) | B64: NA | C64: =Base!C64 -> 32 | D64: =Base!D64 -> MAERSK | E64: =SUM(Base!E64+1200) -> 2250 | F64: =SUM(Base!G64+1400) -> 2750 | G64: =Base!I64 -> 45876
A65: =Base!A65 -> Georgetown | B65: NA | C65: =Base!C65 -> 38 | D65: =Base!D65 -> CMA | E65: =SUM(Base!E65+1200) -> 4800 | F65: =SUM(Base!G65+1400) -> 6050 | G65: =Base!I65
A66: =Base!A66 -> Grangemouth (GBGRG) | B66: =Base!B66 -> Rotterdam | C66: =Base!C66 -> 37 | D66: =Base!D66 -> MAERSK | E66: =SUM(Base!E66+1200) -> 2400 | F66: =SUM(Base!G66+1400) -> 2850 | G66: =Base!I66 -> 45876
A67: =Base!A67 -> Guayaquil (ECQYE) | B67: NA | C67: =Base!C67 -> 26 | D67: =Base!D67 -> HAPAG | E67: =SUM(Base!E67+1200) -> 3950 | F67: =SUM(Base!G67+1400) -> 4450 | G67: =Base!I67 -> 45876
A68: =Base!A68 -> Haifa - ILHFA | B68: NA | C68: =Base!C68 -> 49 | D68: =Base!D68 -> MAERSK | E68: =SUM(Base!E68+1200) -> 1900 | F68: =SUM(Base!G68+1400) -> 2450 | G68: =Base!I68 -> 45876
A69: =Base!A69 -> Hamburg (DEHAM) | B69: NA | C69: =Base!C69 -> 45 | D69: =Base!D69 -> HAPAG | E69: =SUM(Base!E69+1200) -> 2350 | F69: =SUM(Base!G69+1400) -> 2600 | G69: =Base!I69 -> 45876
A70: =Base!A70 -> Hammad Port - QAHMD | B70: NA | C70: =Base!C70 -> 53 | D70: =Base!D70 -> MSC | E70: =SUM(Base!E70+1200) -> 5100 | F70: =SUM(Base!G70+1400) -> 7300 | G70: =Base!I70 -> 45876
A71: =Base!A71 -> Hong Kong - HKHKG | B71: NA | C71: =Base!C71 -> 42 | D71: =Base!D71 -> CMA | E71: =SUM(Base!E71+1200) -> 1900 | F71: =SUM(Base!G71+1400) -> 2100 | G71: =Base!I71 -> 45876
A72: =Base!A72 -> Houston (USHOU) | B72: NA | C72: =Base!C72 -> 33 | D72: =Base!D72 -> CMA | E72: =SUM(Base!E72+1200) -> 4700 | F72: =SUM(Base!G72+1400) -> 5100 | G72: =Base!I72 -> 45876
A73: =Base!A73 -> Hyderabad - INHYD | B73: =Base!B73 -> Jawaharlal Nehru | C73: =Base!C73 -> 79 | D73: =Base!D73 -> MAERSK | E73: =SUM(Base!E73+1200) -> 3050 | F73: =SUM(Base!G73+1400) -> 3950 | G73: =Base!I73 -> 45876
A74: =Base!A74 -> Imbituba (BRIBB) | B74: NA | C74: =Base!C74 -> 8 | D74: =Base!D74 -> Mercosul | E74: =SUM(Base!E74+1200) -> 1700 | F74: =SUM(Base!G74+1400) -> 2000 | G74: =Base!I74 -> 45876
A75: =Base!A75 -> Inchon (Incheon) - KRINC | B75: NA | C75: =Base!C75 -> 47 | D75: =Base!D75 -> MAERSK | E75: =SUM(Base!E75+1200) -> 2400 | F75: =SUM(Base!G75+1400) -> 2750 | G75: =Base!I75 -> 45876
A76: =Base!A76 -> Itajai (BRITJ) | B76: NA | C76: =Base!C76 -> 8 | D76: =Base!D76 -> Mercosul | E76: =SUM(Base!E76+1200) -> 1650 | F76: =SUM(Base!G76+1400) -> 2000 | G76: =Base!I76 -> 45876
A77: =Base!A77 -> Itapoa (BRIOA) | B77: NA | C77: =Base!C77 -> 15 | D77: =Base!D77 -> Mercosul | E77: =SUM(Base!E77+1200) -> 1800 | F77: =SUM(Base!G77+1400) -> 2150 | G77: =Base!I77 -> 45876
A78: =Base!A78 -> Jacksonville (USJAX) | B78: NA | C78: =Base!C78 -> 30 | D78: =Base!D78 -> HAPAG | E78: =SUM(Base!E78+1200) -> 5800 | F78: =SUM(Base!G78+1400) -> 6000 | G78: =Base!I78 -> 45876
A79: =Base!A79 -> Jakarta - IDJKT | B79: NA | C79: =Base!C79 -> 44 | D79: =Base!D79 -> MAERSK | E79: =SUM(Base!E79+1200) -> 2150 | F79: =SUM(Base!G79+1400) -> 2350 | G79: =Base!I79 -> 45876
A80: =Base!A80 -> Jebel Ali - AEJEA | B80: NA | C80: =Base!C80 -> 71 | D80: =Base!D80 -> HAPAG | E80: =SUM(Base!E80+1200) -> 2600 | F80: =SUM(Base!G80+1400) -> 2350 | G80: =Base!I80 -> 45876
A81: =Base!A81 -> Jebel Ali - AEJEA | B81: NA | C81: =Base!C81 -> 47 | D81: =Base!D81 -> MAERSK | E81: =SUM(Base!E81+1200) -> 2900 | F81: =SUM(Base!G81+1400) -> 2350 | G81: =Base!I81 -> 45876
A82: =Base!A82 -> Jeddah - SAJED | B82: NA | C82: =Base!C82 -> 42 | D82: =Base!D82 -> MAERSK | E82: =SUM(Base!E82+1200) -> 2900 | F82: =SUM(Base!G82+1400) -> 2750 | G82: =Base!I82 -> 45876
A83: =Base!A83 -> Johannesburg (ZAJBN) | B83: =Base!B83 -> Durban | C83: =Base!C83 -> 32 | D83: =Base!D83 -> MAERSK | E83: =SUM(Base!E83+1200) -> 3100 | F83: =SUM(Base!G83+1400) -> 3650 | G83: =Base!I83 -> 45876
A84: =Base!A84 -> Kansas City (USKCK) | B84: =Base!B84 -> Norfolk | C84: =Base!C84 -> 47 | D84: =Base!D84 -> HAPAG | E84: =SUM(Base!E84+1200) -> 7150 | F84: =SUM(Base!G84+1400) -> 7350 | G84: =Base!I84 -> 45876
A85: =Base!A85 -> Karachi - PKKHI | B85: NA | C85: =Base!C85 -> 47 | D85: =Base!D85 -> CMA | E85: =SUM(Base!E85+1200) -> 2900 | F85: =SUM(Base!G85+1400) -> 3650 | G85: =Base!I85 -> 45876
A86: =Base!A86 -> Keelung - TWKEL | B86: NA | C86: =Base!C86 -> 46 | D86: =Base!D86 -> MAERSK | E86: =SUM(Base!E86+1200) -> 2200 | F86: =SUM(Base!G86+1400) -> 2350 | G86: =Base!I86 -> 45876
A87: =Base!A87 -> Klang - MYPKG | B87: NA | C87: =Base!C87 -> 47 | D87: =Base!D87 -> MAERSK | E87: =SUM(Base!E87+1200) -> 2100 | F87: =SUM(Base!G87+1400) -> 2350 | G87: =Base!I87 -> 45876
A88: =Base!A88 -> Koper (SIKOP) | B88: NA | C88: =Base!C88 -> 37 | D88: =Base!D88 -> MAERSK | E88: =SUM(Base!E88+1200) -> 2550 | F88: =SUM(Base!G88+1400) -> 2850 | G88: =Base!I88 -> 45876
A89: =Base!A89 -> La Guaira (VELAG) | B89: NA | C89: =Base!C89 -> 34 | D89: =Base!D89 -> MAERSK | E89: =SUM(Base!E89+1200) -> 4850 | F89: =SUM(Base!G89+1400) -> 5600 | G89: =Base!I89 -> 45876
A90: =Base!A90 -> Le Havre (FRLEH) | B90: NA | C90: =Base!C90 -> 38 | D90: =Base!D90 -> CMA | E90: =SUM(Base!E90+1200) -> 2800 | F90: =SUM(Base!G90+1400) -> 3300 | G90: =Base!I90 -> 45876 | H90: $2.630,00 | I90: $2.795,00
A91: =Base!A91 -> Lima (PELIM) | B91: =Base!B91 -> Callao | C91: =Base!C91 -> 32 | D91: =Base!D91 -> MAERSK | E91: =SUM(Base!E91+1200) -> 4650 | F91: =SUM(Base!G91+1400) -> 5150 | G91: =Base!I91 -> 45876
A92: =Base!A92 -> Lisboa (PTLIS) | B92: NA | C92: =Base!C92 -> 34 | D92: =Base!D92 -> MAERSK | E92: =SUM(Base!E92+1200) -> 2100 | F92: =SUM(Base!G92+1400) -> 2550 | G92: =Base!I92 -> 45876
A93: =Base!A93 -> Liverpool (GBLIV) | B93: NA | C93: =Base!C93 -> 29 | D93: =Base!D93 -> HAPAG | E93: =SUM(Base!E93+1200) -> 2550 | F93: =SUM(Base!G93+1400) -> 2750 | G93: =Base!I93 -> 45876
A94: =Base!A94 -> Livorno (ITLIV) | B94: NA | C94: =Base!C94 -> 35 | D94: =Base!D94 -> HAPAG | E94: =SUM(Base!E94+1200) -> 2000 | F94: =SUM(Base!G94+1400) -> 2600 | G94: =Base!I94 -> 45876
A95: =Base!A95 -> London Gateway (GBLGP) | B95: NA | C95: =Base!C95 -> 21 | D95: =Base!D95 -> CMA | E95: =SUM(Base!E95+1200) -> 2550 | F95: =SUM(Base!G95+1400) -> 3000 | G95: =Base!I95 -> 45876
A96: =Base!A96 -> Long Beach (USLGB) | B96: NA | C96: =Base!C96 -> 64 | D96: =Base!D96 -> CMA | E96: =SUM(Base!E96+1200) -> 5900 | F96: =SUM(Base!G96+1400) -> 7500 | G96: =Base!I96 -> 45876
A97: =Base!A97 -> Los Angeles (USLAX) | B97: NA | C97: =Base!C97 -> 43 | D97: =Base!D97 -> HAPAG | E97: =SUM(Base!E97+1200) -> 4800 | F97: =SUM(Base!G97+1400) -> 5000 | G97: =Base!I97 -> 45876
A98: =Base!A98 -> Louisiana (USLUA) | B98: =Base!B98 -> Norfolk | C98: =Base!C98 -> 49 | D98: =Base!D98 -> CMA | E98: =SUM(Base!E98+1200) -> 7400 | F98: =SUM(Base!G98+1400) -> 7750 | G98: =Base!I98 -> 45876
A99: =Base!A99 -> Louisville | B99: =Base!B99 -> Norfolk | C99: =Base!C99 -> 51 | D99: =Base!D99 -> MSC | E99: =SUM(Base!E99+1200) -> 6300 | F99: =SUM(Base!G99+1400) -> 6900 | G99: =Base!I99 -> 45901
A100: =Base!A100 -> Luanda (AOLAD) | B100: NA | C100: =Base!C100 -> 55 | D100: =Base!D100 -> MSC | E100: =SUM(Base!E100+1200) -> 4750 | F100: =SUM(Base!G100+1400) -> 5700 | G100: =Base!I100 -> 45876
...
